"Reference","Qty","Value","DNP","Exclude from BOM","Exclude from Board","Exclude from Simulation","Exclude from Position Files","Footprint","Datasheet","LCSC"
"C1,C2","2","4.7uF","","","","","${EXCLUDE_FROM_POS_FILES}","Capacitor_SMD:C_0603_1608Metric","","C19666"
"C3,C6,C7,C8","4","100nF","","","","","${EXCLUDE_FROM_POS_FILES}","Capacitor_SMD:C_0603_1608Metric","","C1591"
"C4,C5","2","1uF","","","","","${EXCLUDE_FROM_POS_FILES}","Capacitor_SMD:C_0603_1608Metric","","C15849"
"D1,D2,D4,D5,D6,D7,D8,D9,D10,D11,D12,D13,D14,D15,D16,D17,D18,D19,D20,D21,D22","21","LED","","","","","${EXCLUDE_FROM_POS_FILES}","Diode_SMD:D_0603_1608Metric","","C2286,C965810"
"D3","1","D_Schottky","","","","","${EXCLUDE_FROM_POS_FILES}","Diode_SMD:D_SOD-123","","C8598"
"J1","1","USB_C_Receptacle_PowerOnly_6P","","","","","${EXCLUDE_FROM_POS_FILES}","Connector_USB:USB_C_Receptacle_GCT_USB4125-xx-x-0190_6P_TopMnt_Horizontal","https://www.usb.org/sites/default/files/documents/usb_type-c.zip","C456012"
"J2","1","Conn_01x05_Socket","","","","","${EXCLUDE_FROM_POS_FILES}","JLC2KiCad:HDR-SMD_5P-P2.54-H-M-W12.8-N","","C46061678"
"J3","1","Conn_01x02","","","","","${EXCLUDE_FROM_POS_FILES}","Connector_Molex:Molex_PicoBlade_53261-0271_1x02-1MP_P1.25mm_Horizontal","","C177225"
"KEY1","1","SKRTLAE010","","","","","${EXCLUDE_FROM_POS_FILES}","JLC2KiCad:KEY-SMD_SKRTLAE010","https://item.szlcsc.com/datasheet/SKRTLAE010/111515.html","C110293"
"R1,R2","2","5.1k","","","","","${EXCLUDE_FROM_POS_FILES}","Resistor_SMD:R_0603_1608Metric","","C23186"
"R3","1","10k","","","","","${EXCLUDE_FROM_POS_FILES}","Resistor_SMD:R_0603_1608Metric","","C25804"
"R4,R6","2","1k","","","","","${EXCLUDE_FROM_POS_FILES}","Resistor_SMD:R_0603_1608Metric","","C21190"
"R5","1","100","","","","","${EXCLUDE_FROM_POS_FILES}","Resistor_SMD:R_0603_1608Metric","","C22775"
"R7,R8,R9,R10,R11,R12,R13,R14,R15,R16,R17,R18,R19,R20,R21,R22,R23,R24,R25,R26","20","470","","","","","${EXCLUDE_FROM_POS_FILES}","Resistor_SMD:R_0603_1608Metric","","C23179"
"R27,R28","2","1M","","","","","${EXCLUDE_FROM_POS_FILES}","Resistor_SMD:R_0603_1608Metric","","C22935"
"R29","1","33","","","","","${EXCLUDE_FROM_POS_FILES}","Resistor_SMD:R_0603_1608Metric","","C23140"
"U1","1","STM32G030F6Px","","","","","${EXCLUDE_FROM_POS_FILES}","Package_SO:TSSOP-20_4.4x6.5mm_P0.65mm","https://www.st.com/resource/en/datasheet/stm32g030f6.pdf","C529330"
"U2","1","MCP73831-2-OT","","","","","${EXCLUDE_FROM_POS_FILES}","Package_TO_SOT_SMD:SOT-23-5","http://ww1.microchip.com/downloads/en/DeviceDoc/20001984g.pdf","C424093"
"U3","1","DW01A","","","","","${EXCLUDE_FROM_POS_FILES}","Package_TO_SOT_SMD:SOT-23-6","https://hmsemi.com/downfile/DW01A.PDF","C351410"
"U4","1","FS8205A_C2830320","","","","","${EXCLUDE_FROM_POS_FILES}","JLC2KiCad:SOT-23-6_L2.9-W1.6-P0.95-LS2.8-BR","https://item.szlcsc.com/datasheet/FS8205A_C2830320/2981993.html","C2830320"
"U5","1","TPS7A0233PDBVR","","","","","${EXCLUDE_FROM_POS_FILES}","JLC2KiCad:SOT-23-5_L2.9-W1.6-P0.95-LS2.8-BR","https://item.szlcsc.com/datasheet/TPS7A0233PDBVR/3103989.html","C2887324"
