Comment,Designator,Footprint,LCSC Part #
4.7uF,"C1,C2",C_0603_1608Metric,C19666
100nF,"C3,C6,C7,C8",C_0603_1608Metric,C1591
1uF,"C4,C5",C_0603_1608Metric,C15849
LED,D1,D_0603_1608Metric,C2286
LED,"D2,D4,D5,D6,D7,D8,D9,D10,D11,D12,D13,D14,D15,D16,D17,D18,D19,D20,D21,D22",D_0603_1608Metric,C965810
D_Schottky,D3,D_SOD-123,C8598
USB_C_Receptacle_PowerOnly_6P,J1,USB_C_Receptacle_GCT_USB4125-xx-x-0190_6P_TopMnt_Horizontal,C456012
Conn_01x05_Socket,J2,HDR-SMD_5P-P2.54-H-M-W12.8-N,C46061678
Conn_01x02,J3,Molex_PicoBlade_53261-0271_1x02-1MP_P1.25mm_Horizontal,C177225
SKRTLAE010,KEY1,KEY-SMD_SKRTLAE010,C110293
5.1k,"R1,R2",R_0603_1608Metric,C23186
10k,R3,R_0603_1608Metric,C25804
1k,"R4,R6",R_0603_1608Metric,C21190
100,R5,R_0603_1608Metric,C22775
470,"R7,R8,R9,R10,R11,R12,R13,R14,R15,R16,R17,R18,R19,R20,R21,R22,R23,R24,R25,R26",R_0603_1608Metric,C23179
1M,"R27,R28",R_0603_1608Metric,C22935
33,R29,R_0603_1608Metric,C23140
STM32G030F6Px,U1,TSSOP-20_4.4x6.5mm_P0.65mm,C529330
MCP73831-2-OT,U2,SOT-23-5,C424093
DW01A,U3,SOT-23-6,C351410
FS8205A_C2830320,U4,SOT-23-6_L2.9-W1.6-P0.95-LS2.8-BR,C2830320
TPS7A0233PDBVR,U5,SOT-23-5_L2.9-W1.6-P0.95-LS2.8-BR,C2887324
