Designator,Mid X,Mid Y,Layer,Rotation
C1,123.0000mm,-140.0000mm,Top,-90
C2,128.7500mm,-135.7500mm,Top,90
C3,130.0000mm,-127.5000mm,Top,0
C4,120.0000mm,-139.5000mm,Top,0
C5,125.2500mm,-135.7750mm,Top,90
C6,127.0000mm,-135.7500mm,Top,-90
C7,123.5000mm,-135.7250mm,Top,90
C8,116.2750mm,-115.7500mm,Top,180
D1,125.5000mm,-144.0000mm,Top,90
D2,109.2000mm,-111.0000mm,Top,0
D3,137.5000mm,-128.0000mm,Top,90
D4,122.4000mm,-111.0000mm,Top,0
D5,135.6000mm,-111.0000mm,Top,0
D6,148.8000mm,-111.0000mm,Top,0
D7,115.8000mm,-98.9000mm,Top,0
D8,129.0000mm,-98.9000mm,Top,0
D9,142.2000mm,-98.9000mm,Top,0
D10,122.4000mm,-86.8000mm,Top,0
D11,135.6000mm,-86.8000mm,Top,0
D12,129.0000mm,-74.7000mm,Top,0
D13,109.2000mm,-111.0000mm,Bottom,0
D14,122.4000mm,-111.0000mm,Bottom,0
D15,135.6000mm,-111.0000mm,Bottom,0
D16,148.8000mm,-111.0000mm,Bottom,0
D17,115.8000mm,-98.9000mm,Bottom,0
D18,129.0000mm,-98.9000mm,Bottom,0
D19,142.2000mm,-98.9000mm,Bottom,0
D20,122.4000mm,-86.8000mm,Bottom,0
D21,135.6000mm,-86.8000mm,Bottom,0
D22,129.0000mm,-74.7000mm,Bottom,0
J1,134.0000mm,-143.5000mm,Top,0
J2,107.7500mm,-113.9100mm,Top,0
J3,134.0000mm,-121.0000mm,Top,-90
KEY1,121.6500mm,-144.9250mm,Top,0
R1,134.5000mm,-135.5000mm,Top,90
R2,138.5000mm,-135.5000mm,Top,90
R3,120.0000mm,-141.5000mm,Top,0
R4,127.5000mm,-144.0000mm,Top,90
R5,134.0000mm,-127.5000mm,Top,0
R6,134.5000mm,-132.0000mm,Top,90
R7,112.2000mm,-111.0000mm,Top,180
R8,125.4000mm,-111.0000mm,Top,180
R9,138.6000mm,-111.0000mm,Top,180
R10,151.8000mm,-111.0000mm,Top,180
R11,118.8000mm,-98.9000mm,Top,180
R12,132.0000mm,-98.9000mm,Top,180
R13,145.2000mm,-98.9000mm,Top,180
R14,125.4000mm,-86.8000mm,Top,180
R15,138.6000mm,-86.8000mm,Top,180
R16,132.0000mm,-74.7000mm,Top,180
R17,112.2000mm,-111.0000mm,Bottom,180
R18,125.4000mm,-111.0000mm,Bottom,180
R19,138.6000mm,-111.0000mm,Bottom,180
R20,151.8000mm,-111.0000mm,Bottom,180
R21,118.8000mm,-98.9000mm,Bottom,180
R22,132.0000mm,-98.9000mm,Bottom,180
R23,145.2000mm,-98.9000mm,Bottom,180
R24,125.4000mm,-86.8000mm,Bottom,180
R25,138.6000mm,-86.8000mm,Bottom,180
R26,132.0000mm,-74.7000mm,Bottom,180
R27,136.5000mm,-132.0000mm,Top,-90
R28,136.5000mm,-135.5000mm,Top,-90
R29,138.5000mm,-132.0000mm,Top,90
U1,123.5750mm,-129.6125mm,Top,90
U2,126.0000mm,-140.0000mm,Top,180
U3,130.5000mm,-131.0000mm,Top,90
U4,131.5500mm,-136.5000mm,Top,-90
U5,120.3998mm,-135.9501mm,Top,180
