"Id";"Designator";"Footprint";"Quantity";"Designation";"Supplier and ref";
1;"C1, C2";"C_0603_1608Metric";2;"4.7uF";;;
2;"C3, C6, C7, C8";"C_0603_1608Metric";4;"100nF";;;
3;"C4, C5";"C_0603_1608Metric";2;"1uF";;;
4;"D1, D2, D4, D5, D6, D7, D8, D9, D10, D11, D12, D13, D14, D15, D16, D17, D18, D19, D20, D21, D22";"D_0603_1608Metric";21;"LED";;;
5;"D3";"D_SOD-123";1;"D_Schottky";;;
6;"J1";"USB_C_Receptacle_GCT_USB4125-xx-x-0190_6P_TopMnt_Horizontal";1;"USB_C_Receptacle_PowerOnly_6P";;;
7;"J2";"HDR-SMD_5P-P2.54-H-M-W12.8-N";1;"Conn_01x05_Socket";;;
8;"J3";"Molex_PicoBlade_53261-0271_1x02-1MP_P1.25mm_Horizontal";1;"Conn_01x02";;;
9;"KEY1";"KEY-SMD_SKRTLAE010";1;"SKRTLAE010";;;
10;"R1, R2";"R_0603_1608Metric";2;"5.1k";;;
11;"R3";"R_0603_1608Metric";1;"10k";;;
12;"R4, R6";"R_0603_1608Metric";2;"1k";;;
13;"R5";"R_0603_1608Metric";1;"100";;;
14;"R7, R8, R9, R10, R11, R12, R13, R14, R15, R16, R17, R18, R19, R20, R21, R22, R23, R24, R25, R26";"R_0603_1608Metric";20;"470";;;
15;"R27, R28";"R_0603_1608Metric";2;"1M";;;
16;"R29";"R_0603_1608Metric";1;"33";;;
17;"U1";"TSSOP-20_4.4x6.5mm_P0.65mm";1;"STM32G030F6Px";;;
18;"U2";"SOT-23-5";1;"MCP73831-2-OT";;;
19;"U3";"SOT-23-6";1;"DW01A";;;
20;"U4";"SOT-23-6_L2.9-W1.6-P0.95-LS2.8-BR";1;"FS8205A_C2830320";;;
21;"U5";"SOT-23-5_L2.9-W1.6-P0.95-LS2.8-BR";1;"TPS7A0233PDBVR";;;
