# R_ohm=470; psu_res_mA=1; date=2026-10-05; ldo=MCP1700; leds=bin unknown; temp_C=22; allon_recheck_4v2_mA=26; notes=
vbat_V,i_alloff_mA,i_row1_mA,i_row2_mA,i_row3_mA,i_star_mA,i_allon_mA,iled_row1_mA,iled_row2_mA,iled_row3_mA,iled_star_mA,vfvol_row1_V,vfvol_row2_V,vfvol_row3_V,vfvol_star_V,sumcheck_mA
4.2,1,10,9,6,4,26,2.250,2.667,2.500,3.000,3.143,2.947,3.025,2.790,0.00
4.1,1,10,8,6,3,24,2.250,2.333,2.500,2.000,3.042,3.003,2.925,3.160,0.00
4.0,1,9,8,5,3,22,2.000,2.333,2.000,2.000,3.060,2.903,3.060,3.060,0.00
3.9,1,9,7,5,3,21,2.000,2.000,2.000,2.000,2.960,2.960,2.960,2.960,0.00
3.8,1,8,6,5,3,20,1.750,1.667,2.000,2.000,2.978,3.017,2.860,2.860,-1.00
3.7,1,8,6,4,3,18,1.750,1.667,1.500,2.000,2.878,2.917,2.995,2.760,0.00
3.6,1,7,5,4,3,17,1.500,1.333,1.500,2.000,2.895,2.973,2.895,2.660,-1.00
3.5,1,6,5,4,2,15,1.250,1.333,1.500,1.000,2.913,2.873,2.795,3.030,-1.00
3.4,1,5,4,3,2,13,1.000,1.000,1.000,1.000,2.930,2.930,2.930,2.930,-2.00
3.3,1,5,4,4,3,12,1.000,1.000,1.500,2.000,2.830,2.830,2.595,2.360,1.00
3.2,1,5,4,3,2,11,1.000,1.000,1.000,1.000,2.730,2.730,2.730,2.730,0.00
3.1,1,4,4,3,2,9,0.750,1.000,1.000,1.000,2.748,2.630,2.630,2.630,1.00
3.0,1,4,3,3,2,8,0.750,0.667,1.000,1.000,2.647,2.687,2.530,2.530,1.00
